{"cameraMode":{"drawMode":0,"name":"Shaded","section":"Shading Mode"},"sceneLighting":false,"audioPlay":false,"sceneViewState":{"m_AlwaysRefresh":false,"showFog":true,"showSkybox":false,"showFlares":true,"showImageEffects":true,"showParticleSystems":true,"showVisualEffectGraphs":true,"m_FxEnabled":true},"in2DMode":false,"pivot":{"x":3.3753156661987306,"y":2.635650396347046,"z":11.465567588806153},"rotation":{"x":-0.005973309278488159,"y":0.9867035746574402,"z":-0.15853244066238404,"w":-0.036707550287246707},"size":1.5857324600219727,"orthographic":false}