{"cameraMode":{"drawMode":0,"name":"Shaded","section":"Shading Mode"},"sceneLighting":false,"audioPlay":false,"sceneViewState":{"m_AlwaysRefresh":false,"showFog":true,"showSkybox":false,"showFlares":true,"showImageEffects":true,"showParticleSystems":true,"showVisualEffectGraphs":true,"m_FxEnabled":true},"in2DMode":false,"pivot":{"x":-0.3137392997741699,"y":4.037167549133301,"z":1.8657567501068116},"rotation":{"x":-0.007768090348690748,"y":-0.7426170706748962,"z":0.6696961522102356,"w":-0.008765324018895626},"size":2.446897029876709,"orthographic":false}